업소명,도로명주소,연락처,메뉴1,메뉴2,메뉴3,메뉴4,메뉴5,메뉴6
뜰안채,광주광역시 동구 문화전당로26번길 10-12,062-234-8118,한정식,,,,,
가족,광주광역시 동명로 50,062-222-3845,한정식,,,,,
광양숯불구이,광주광역시 동구 필문대로 229 ,062-226-8080,소갈비,,,,,
관가,광주광역시 동구 의재로96번길 18 ,062-226-0040,오리구이,,,,,
소나무,광주광역시 동구 갈마로 50,062-251-3900,소갈비,,,,,
동원게장백반,광주광역시 동구 지호로 128 ,062-223-7200,게장백반,,,,,
민속식당,광주광역시 동구 문화전당로 37-2,062-227-2003,돼지갈비,,,,,
유생촌,광주광역시 동구 충장로2가 3-2,062-222-5200,돈까스,,,,,
아리랑하우스,광주광역시 동구 무등로321번길 2,062-529-2888,한정식,,,,,
신락원,광주광역시 동구 충장로5가 43,062-225-9408,중식,,,,,
쌍학,광주광역시 동구 구성로152번길 13 ,062-223-4159,생선회,,,,,
제일중화요리,광주광역시 동구 구성로 174 (금남로5가),062-223-6395,석화짬뽕,제일짜장,산향갈비,제일삼선짬뽕,삼선삭스핀,
백운산,광주광역시 동구 구성로194번길 29 (대인동),062-222-4569,생대구탕,민어탕,돌솥비빔밥,삼겹살,,
제주삼다갈치,"광주광역시 동구 구성로204번길 13 (대인동,(1,2층))",062-233-4747,갈치조림,갈치구이,추어탕,오리로스,대구탕,
찜이랑조림이랑,"광주광역시 동구 구성로204번길 28 (대인동,(1층))",062-225-2332,아구찜,병어조림,갈치조림,고등어조림,조기매운탕,
고려조삼계탕,광주광역시 동구 금남로 231 (금남로2가),062-224-2525,삼계탕,약삼계탕,오골계,,,
꽃담,"광주광역시 동구 금남로193-12(금남로4가, 1층)",062-224-1900,명품꽃살,토시살,안창살.생고기,돼지갈비,,
미도,광주광역시 동구 남문로 682(학동),062-228-0106,사시미,사시미스페셜,참치스페셜,전복사시미,참치VIP,
원조장수,광주광역시 동구 동계천로 12-1 (대인동),062-225-9612,돼지갈비,,,,,
남다른감자탕,"광주광역시 동구 서석로 24, 나동 지상1층 123호 (불로동)",062-234-2114,남자탕,본좌탕,활력보감탕전골,여신뼈찜,,
마한지,"광주광역시 동구 문화전당로341(광산동, 1,2층)",062-234-9261,마늘갈비,돼지갈비,소갈비,쌈밥,냉면,
달1-26,"광주광역시 동구 중앙로160번길 16-5 (불로동,(1층))",062-233-3378,닭탕,매운돼지갈비,갈치조림,,,
맛삼,"광주광역시 동구 서석로7번길 6-46 (불로동,(1층))",062-226-4133,삼겹살,갈비찜,주물럭,제육볶음,애호박찌게,
나비야청산가자,광주광역시 동구 성촌길1(운림동) ,062-263-4477,돼지바베큐,약오리,오리로스,오리떡,갈비, 도토리수제비
가미헌,광주광역시 동구 제봉로82번길 17 (서석동),062-227-5888,탕수육,호두크린새우,깐소새우,깐풍기,팔보채,
윤영,"광주광역시 동구 서석로10번길 5 (불로동,(1층))",062-226-4133,삼겹살,갈비찜,주물럭,제육볶음,애호박찌게,
청원모밀,광주광역시 동구 중앙로 174-1 (충장로3가),062-222-2210,모밀국수,유부모밀,마른모밀,모밀짜장,김치모밀,
무진보,광주광역시 동구 중앙로 196번길 20(충장로2가),062-223-9539,한방약오리백숙,주물럭,오리생구이,오리불고기,오리백숙,
춘추관,광주광역시 동구 문화전당로26번길 8 (남동),062-228-3388,생고기(육사시),불고기백반,갈비살,비빔밥(생비),,
행복식당,광주광역시 동구 증심사길30번길 21(운림동),062-225-1672,보리밥,,,,,
큰솥딴지,"광주광역시 동구 서석로7번길 6-30 (불로동,(1,2층))",062-222-7722,설렁탕,갈비탕,곰탕,삼결살,,
초야모밀앤메밀,"광주광역시 동구 증심사길30번길 8(운림동, 2층)",062-233-0700,메밀국수,메밀짜장,수제모리소바,메밀묵밥,,
산에들에,"광주광역시 동구 증심천로118(학동, 1층)",062-433-4332,한정식,,,,,
통큰국밥,"광주광역시 동구 충장로58번길 18-2 (충장로4가,(1층))",062-430-9908,매운양푼갈비,곱창야채철판,원조국밥,머리국밥,,
㈜명선헌,광주광역시 동구 지호로 127번길 11(지산동),062-228-2942,한정식A코스,한정식B코스,한정식특A코스,,,
양만휘해물생합칼국수,광주광역시 동구 지호로 158 (지산동),062-224-2488,해물백합칼국수,해물백합수제비,팥칼국수,새알팥죽,왕만두,
톰슨바닷가재,광주광역시 동구 지호로124번길 10-1(지산동),062-227-0644,바닷가재단일코스,바닷가재풀코스,,,,
베네치아,광주광역시 동구 지호로124번길 16(지산동),062-227-9363,스테이크,샐러드바,,,,
무등산흑염소,광주광역시 동구 지호로124번길 32 (지산동),062-233-5292,흑염소전골,수육,코스,,,
팔도강산,광주광역시 동구 지호로127번길 10-7(지산동),062-222-3682,보리밥,게장백반,촌닭백숙,닭도리탕,,
남가정 ,광주광역시 동구 지호로137-7(지산동),062-227-4114,한우떡갈비퓨전한정식,돼지떡갈비퓨전한정식,,,,
황토마을,"광주광역시 동구 지호로160번길 10, B동 1층 (지산동)",062-227-9604,두부전골,두부보쌈,떨갈비스페셜,순두부찌게,,
무등산보리밥,광주광역시 동구 지호로160번길 9 (지산동),062-232-9116,보리밥뷔페,삼계탕,촌닭도리탕,오리백숙,옻닭,
등촌칼국수,광주광역시 동구 충장로 101-11 (충장로1가),062-227-7734,등촌샤브샤브셋트,바지락칼국수,석쇠불고기,추어탕,버섯매운탕칼구수,
신성,광주광역시 동구 충장로 101-17 (충장로1가),062-232-0177,상추백반,사골곰탕,돌솥비빔밥,꼬리곰탕,김치전골,
홍능갈비,광주광역시 동구 충장로 101-21 (충장로1가),062-222-1421,한우꽃등심,돌솥비빔밥,삼겹살,육회비빔밥,불고기백반,
향계원,"광주광역시 동구 구성로194번길 20, 1층 (금남로4가)",062-233-9952,백숙,삼계탕,곰탕,닭볶음,,
동해바다,광주광역시 동구 충장로46번길 6-1 (충장로5가),062-224-4844,회정식,상추백반,대구탕,회덮밥,생선초밥,
동명가원식당,광주광역시 동구 필문대로 230 (동명동),062-232-8877,한방돼지갈비,항정살,가브리살,옛날청국장,얼음그릇냉면,
뚱뚱이할머니족발,광주광역시 동구 문화전당로35번길 7,062-227-1986,족발,보쌈,냉채족발,매운양념족발,,
산촌가든,광주광역시 동구 지호로 133,062-223-5165,오리로스,오리불고기,오리전골,황토오리진흙구이,,
무등산보리밥,광주광역시 동구 동구 지호로160번길 9 (지산동),062-232-9116,보리밥,,,,,
물레방아,광주광역시 동구 동구 지호로 137-1 (지산동),062-222-6879,한정식,,,,,
쉬어가는보리밥집,"광주광역시 동구 지호로 137 (지산동,(1층))",062-222-0208,보리밥,,,,,
팔도강산,광주광역시 동구 지호로127번길 10-7 (지산동),062-222-3682,한정식,,,,,
청사초롱,"광주광역시 동구 지호로 158 (지산동,외1필지 (7-3))",062-232-5691,보리밥,닭백숙,,,,
사계절,광주광역시 동구 지호로 157 (지산동),062-222-8848,보리밥,닭백숙,,,,
남가정,광주광역시 동구 지호로 137-7 (지산동),062-227-4114,갈비정식,,,,,
청와정,광주광역시 동구 지호로 78(지산동),062-227-4114,보리밥정식,,,,,
대밭,광주광역시 동구 지호로 179-10 (지산동),062-222-9738,닭백숙,,,,,
팔도가든,광주광역시 동구 지호로 161-18(지산동),062-227-0111,닭백숙,,,,,
향로봉,광주광역시 동구 지호로160번길 17(지산동),062-232-1214,닭백숙,,,,,
감나무집,광주광역시 동구 지호로127번길 19,062-227-2041,보리밥정식,,,,,
강남,광주광역시 동구 지호로 152 (지산동),062-233-8007,명품짬봉,,,,,
톰슨바닷가제,"광주광역시 동구 지호로124번길 10-1 (지산동,(1층))",062-227-0644,바닷가재정식,,,,,
양만휘해물 생합칼국수,"광주광역시 동구 지호로 158 (지산동,외1필지)",062-224-2488,보양탕,동태탕,,,,
베네치아,"광주광역시 동구 지호로124번길 16 (지산동,(2층))",062-227-9363,샐러드바,스테이크,,,,
팔도강산별관,"광주광역시 동구 지호로127번길 10-1 (지산동,(1층))",062-223-3682,생선구이정식,,,,,
황토마을,"광주광역시 동구 지호로160번길 10, B동 1층 (지산동)",062-227-9604,순두부,순두부전골,,,,
와사등,광주광역시 동구 지호로164번길 35-1(지산동),062-233-3770,아구찜,닭백숙,,,,
동원게장,광주광역시 동구 지호로 128,062-223-7200,게장백반,,,,,
무등산흙염소,광주광역시 동구 지호로 124번길 32,062-233-5292,양탕,,,,,
시에테벨리,광주광역시 동구 지호로 175,062-232-1150,경양식,,,,,
지산골보리밥,광주광역시 동구 지호로 127번길 29,062-225-0776,보리밥정식,,,,,
레드포인트,광주광역시 동구 지호로164번길 35-1,062-225-6642,경양식,,,,,
향로정,광주광역시 동구 지호로 160번길11,062-222-7653,보리밥정식,,,,,
행복식당,"광주광역시 동구 증심사길30번길 21 (운림동,(1,2층))",062-225-1672,보리밥뷔페,,,,,
나비야청산가자,광주광역시 동구 성촌길 1,062-263-4477,공기밥,,,,,
전원일기,"광주광역시 동구 증심사길30번길 43 (운림동,(1층))",062-226-5656,보리밥,닭백숙,,,,
곳간(무등산점),광주광역시 동구 성촌길 21,062-236-3652,공기밥,,,,,
바보죽힐링까페,"광주광역시 동구 증심사길30번길 45(운림동,1층)",062-223-5678,보리밥,영양죽,,,,
전북식당,광주광역시 동구 증심사길 28-16,062-227-1449,보리밥,,,,,
초야모밀&메밀,"광주광역시 동구 증심사길30번길 8 (운림동,(2층))",062-237-0700,국수,,,,,
중머리재,"광주광역시 동구 증심사길30번길 12 (운림동,(1.2층))",062-225-5282,보리밥,닭백숙,,,,
대지식당,"광주광역시 동구 증심사길30번길 27 (운림동,(1.2층))",062-227-2873,보리밥뷔페,,,,,
담양국수,광주광역시 동구 증심사길30번길 28-3,062-226-1178,공기밥-보리,,,,,
부곡정,"광주광역시 동구 증심사길30번길 31 (운림동,(1.2층))",062-234-5292,보리밥,닭백숙,,,,
수림식당,"광주광역시 동구 증심사길30번길 10-1 (운림동,(1층))",062-223-0028,보리밥,닭백숙,,,,
우리집,"광주광역시 동구 증심사길30번길 33 (운림동,(1층))",062-222-5518,보리밥전문,,,,,
대호식당,광주광역시 동구 증심사길30번길 37,062-227-7833,보리밥,,,,,
황태국수,광주광역시 동구 증심사길30번길 39,062-222-4653,국수,,,,,
수정,광주광역시 동구 증심사길30번길 39,062-233-1514,보리밥,닭백숙,,,,
명승1,"광주광역시 동구 증심사길30번길 47 (운림동,(1층))",062-227-3849,보리밥,,,,,
전국시대,"광주광역시 동구 증심사길30번길 41 (운림동,(1층))",062-228-0079,보리밥,닭백숙,,,,
미연회타운,광주광역시 동구 무등로 326,062-227-4743,아구찜,,,,,
양촌추어탕,광주광역시 동구 중앙로196번길 30-6,062-222-0534,추어탕,,,,,
내일또식당,광주광역시 동구 금남로233-4,062-226-1888,민어매운탕,,,,,
한국별관,광주광역시 동구 구성로 217,062-223-7605,삼겹살,,,,,
화원,광주광역시 동구 동계천로95번길 3,062-222-2225,한정식,병어조림,,,,
재미it닭,광주광역시 동구 필문대로187번길 1-3,062-233-2590,닭튀김,,,,,
앨비스2,광주광역시 동구 백서로 177,062-232-1025,치킨,,,,,
광주함흥냉면,광주광역시 동구 동명로110번길 13,062-222-2080,냉면,삼겹살,백반,,,
홍대칼국수와족발,광주광역시 동구 충장로안길 7-1,062-236-2843,칼국수,,,,,
통큰국밥,광주광역시 동구 충장로58번길 18-2,062-430-9908,국밥,,,,,
청하,광주광역시 동구 충장로 45-12,062-223-7037,생선회,,,,,
삼희,광주광역시 동구 구성로 164,062-225-3233,불낙전골,,,,,
새동해바다,광주광역시 동구 충장로46번길 6-1,062-224-4844,생선회,,,,,
동해바다,광주광역시 동구 충장로46번길 6-1,062-224-4844,생선회,,,,,
우리집,광주광역시 동구 구성로152번길 28 ,062-222-6692,삼겹살,,,,,
이조해장국,광주광역시 동구 중앙로160번길 18-1,062-233-6729,해장국,,,,,
본토광주찜닭,광주광역시 동구 중앙로160번길 31-6,062-223-5374,찜닭,,,,,
장수마을풍천장어,광주광역시 서구 풍서우로 124(매월동),062-655-9233,장어구이,장어탕,,,,
김가원,광주광역시 서구 상무민주로123번길 13-7(쌍촌동),062-382-8700,홍어삼합,홍어찜,,,,
27년,광주광역시 서구 상무오월로43번길 3-12(쌍촌동),062-372-5279,오리훈제,오리불고기,,,,
행복한 밥상,광주광역시 서구 내방로246번길 16(쌍촌동),062-383-5295,생선구이,코다리찜,,,,
월화수웰,광주광역시 서구 상무민주로 23-1(쌍촌동),062-385-8080,한정식,계절음식,,,,
(주)예지원,광주광역시 서구 운천로204번길 23(쌍촌동),062-371-5566,한정식,,,,,
계림,광주광역시 서구 내방로 33(치평동),062-383-3308,삼계탕,,,,,
무한장어,광주광역시 서구 상무중앙로 71(치평동),062-382-0778,장어구이,장어탕,,,,
꽃마름,광주광역시 서구 치평로 80(치평동),062-385-8992,월남쌈,샤브샤브,,,,
다부,광주광역시 서구 상무중앙로 95(치평동),062-381-3533,회정식,대구탕,,,,
(주)어울림 숯불구이,광주광역시 서구 상무시민로 129(치평동),062-371-9255,돼지숯불갈비,,,,,
해물의제왕,광주광역시 서구 상무시민로 133-9(치평동),062-384-9593,해물전골,해물뚝배기,,,,
우돈미가,광주광역시 서구 상무중앙로104번길 14(치평동),062-375-1661,소고기,삼겹살,,,,
서울깍두기,광주광역시 서구 상무시민로 97-6(치평동),062-385-2123,설렁탕,수육,,,,
개화(開花),광주광역시 서구 상무연하로 81(치평동),062-351-0008,양장피,중화요리,,,,
삼겹살파티,광주광역시 서구 상무시민로 99(치평동),062-381-5565,삼겹살,,,,,
신락원,광주광역시 서구 상무시민로 95-2(치평동),062-223-6849,짬뽕,탕수육,중화요리,,,
달불,광주광역시 서구 상무중앙로78번길 5-2(치평동),062-381-2358,생선구이,생선요리,,,,
금다연,광주광역시 서구 상무연하로 72(치평동),062-385-8788,한정식,,,,,
김밥랜드,광주광역시 서구 상무연하로 72(치평동),062-385-3891,김밥,분식,,,,
김육갑상무점,광주광역시 서구 상무번영로 52(치평동),062-383-3692,삼겹살,,,,,
하이난,광주광역시 서구 상무시민로 136(치평동),062-372-0000,중화요리,,,,,
조소영 닭갈비 전문점,광주광역시 서구 시청로60번길 21-9(치평동),062-381-9669,닭갈비,,,,,
상무 옛날순대,광주광역시 서구 상무번영로 48(치평동),062-384-4300,순대국밥,순대요리,,,,
가매스시,광주광역시 서구 상무시민로 136(치평동),062-383-9171,회초밥,정식,,,,
마천루,광주광역시 서구 상무연하로 60(치평동),062-381-8006,짜장,짬뽐,중화요리,,,
월산로타리별미해장국,광주광역시 서구 상무연하로 55(치평동),062-383-5533,해장국,,,,,
무너섬(상무점),광주광역시 서구 상무연하로 48(치평동),062-372-5666,문어숙회,문어요리,,,,
해산,광주광역시 서구 상무번영로 14(치평동),062-384-6622,일식,초밥,,,,
고다미,광주광역시 서구 상무자유로 170(치평동),062-373-9600,일식,초밥,,,,
타니 비엔날레점,광주광역시 서구 상무연하로 31(치평동),062-714-1002,스테이크,삼겹살바베큐,,,,
타노시미,광주광역시 서구 상무연하로 31(치평동),062-714-1006,사시미,초밥,,,,
고려조삼계탕 상무점,광주광역시 서구 상무연하로 29(치평동),062-371-8886,삼계탕,,,,,
피렌체관광호텔,광주광역시 서구 상무중앙로38번길 5-8(치평동),062-384-8877,한정식,일식,,,,
한국관,광주광역시 서구 상무연하로 19(치평동),062-373-0701,생고기,갈비살,,,,
종가집 설렁탕,광주광역시 서구 시청로20번길 10(치평동),062-374-0015,설렁탕,전골,,,,
우정설렁탕,광주광역시 서구 상무화원로11번길 7,062-381-8225,설렁탕,갈비탕,,,,
옛음식토박이,광주광역시 서구 상무공원로 11(치평동),062-373-5427,한정식,굴비정식,,,,
초원칡냉면,광주광역시 서구 상무공원로 11(치평동),062-371-8181,냉면,갈치조림,,,,
우리밀로(路)칼국수 밀고(GO)말고(GO),광주광역시 서구 상무공원로 1(치평동),062-366-3600,칼국수,샤브샤브,,,,
미선,광주광역시 서구 상무대로 749(치평동),062-384-5512,계절음식,한정식,,,,
루키차이나,광주광역시 서구 상무화원로32번길 13-18(치평동),062-383-4798,중화요리,,,,,
장비숯불구이,광주광역시 서구 상무화원로32번길 29-3(치평동),062-383-5296,갈매기살,삼겹살,,,,
광양숯불구이,광주광역시 서구 상무대로 867번길 23(치평동),062-375-9292,숯불구이,,,,,
삼백집,광주광역시 서구 상무대로 867번길 23-2(치평동),062-376-9119,콩나물국밥,선지국밥,,,,
영빈관,광주광역시 서구 풍암순환로 128번길 75(풍암동),062-384-6000,한정식,,,,,
중앙회관,광주광역시 서구 무진대로 904(광천동),062-362-8307,한식,,,,,
전주한일관,광주광역시 서구 무진대로 904(광천동),062-360-1979,비빔밥,,,,,
차이나타운,광주광역시 서구 무진대로 904(광천동),062-360-1985,중화요리,,,,,
대윤,광주광역시 서구 무진대로 904(광천동),062-368-0118,초밥,알탕,,,,
미미락,"광주광역시 서구 무진대로 944, 지하1층(신세계백화점)",062-368-4042,메밀,우동,,,,
가매일식,광주광역시 서구 상무대로 1104-26(농성동),062-352-7712,일식,,,,,
조선한정식,광주광역시 서구 상무대로 1096(농성동),062-365-6822,한정식,굴비정식,,,,
짚터(상무점),광주광역시 서구 상무중앙로 71(치평동),062-384-6111,볏집삼겹살,,,,,
제주항해물탕,광주광역시 서구 상무중앙로 71(치평동),062-383-3334,해물탕,,,,,
명지원 명가,"광주광역시 서구 운천로 237(일,이층)(치평동)",062-383-7599,꽃등심,갈비살,,,,
새벽집한우,광주광역시 서구 상무연하로 58(치평동),062-372-8592,꽃등심,갈비살,,,,
민들레,광주광역시 서구 상무평화로 137(치평동),062-374-8760,굴비정식,간장게장,,,,
신락원,"광주광역시 서구 운천로 15, 5층(금호동)",062-384-6849,짜장,짬뽕,탕수육,팔보채,,
까반느레스토랑,"광주광역시 서구 회재로 972, 2층(풍암동)",062-682-4503,스테이크,파스타,피자,,,
불땡국수,"광주광역시 서구 풍암1로21번길 9-7,(풍암동)",062-681-6222,국수,보쌈,해물파전,,,
상무정,광주광역시 서구 금화로 243(풍암동),062-376-5292,오리구이,오리훈제,한정식,,,
여서도횟집,광주광역시 서구 풍금로 29(풍암동),062-682-0053,생선회,생선구이,장어탕,매운탕,,
열두광주리,광주광역시 서구 회재로 717,062-374-0102,청국장,간장게장,갈비구이,,,
추어명가,광주광역시 서구 군분로179번길 5,062-369-5599,추어탕,삼계탕,생태탕,감자탕,,
전자광아구나라,광주광역시 서구 풍암신흥로11번길 4-1,062-682-9947,아구찜,아구탕,,,,
꽃단지,광주광역시 서구 풍금로38번길 4-3(풍암동),062-676-7800,불백전골,비빔밥,곰탕,소고기,,
모밀촌,광주광역시 서구 풍암순환로128번길 79(풍암동),062-671-2005,모밀국수,비빔모밀,마른모밀,,,
샤브향,광주광역시 서구 금화로 240(풍암동),062-606-2990,월남쌈,샤브샤브,,,,
영암매력한우명품관,광주광역시 서구 금화로 240(풍암동),062-682-3399,비빔밥,불고기백반,소고기,,,
꽃마름 금호점,"광주광역시 서구 풍금로 165, 2층(금호동)",062-655-5411,버섯샤브,소고기샤브,한우샤브,,,
맛고을해남,"광주광역시 서구 풍암신흥로 83, 1층(풍암동)",062-653-9252,생선구이.생선조림,계절요리,,,,
손쿡,"광주광역시 서구 운천로 213, 2층(치평동)",062-385-8253,스테이크,파스타,볶음밥,,,
나폴리495,"광주광역시 서구 상무중앙로 90, 2층(치평동)",062-372-2077,스테이크,셀러드,피자,,,
통제영,"광주광역시 서구 시청서편로12번길 16,(치평동)",062-383-1259,회,매운탕류,,,,
나주곰탕황순옥며느리 상무점,"광주광역시 서구 운천로 213, 1층(치평동)",062-374-8088,곰탕,수육,,,,
남해바다장어,"광주광역시 서구 시청서편로4번길 17-10,(치평동)",062-385-4035,장어구이,장어탕,,,,
초우가,"광주광역시 서구 상무연하로 66, 1층(치평동)",062-385-5656,소고기구이,갈비탕,,,,
요남자 유스퀘어점,"광주광역시 서구 무진대로 904, 2층(광천동)",062-673-7979,스테이크,피자,파스타,,,
고궁,"광주광역시 서구 무진대로 904, 1층(광천동)",062-362-3211,비빔밥,찌개,,,,
고궁수라간 유스퀘어점,"광주광역시 서구 무진대로 904, 1층(광천동)",062-352-3211,비빔밥,해물순두부,,,,
차이나팩토리딜라이트 유스퀘어점,"광주광역시 서구 무진대로 904, 2층(광천동)",062-351-2012,짜장,탕수육,중화요리,,,
멘뮤샤 유스퀘어점,"광주광역시 서구 무진대로 904, 2층(광천동)",062-365-8808,라면,볶음밥,볶음면,,,
신정,"광주광역시 서구 죽봉대로66번길 10,(농성동)",062-365-0900,한정식,생선구이,생선조림,,,
하루엔소쿠광주광천점,"광주광역시 서구 죽봉대로 80, 1층(농성동)",062-368-1777,피자,파스타,스테이크,,,
송강소머리국밥,"광주광역시 서구 죽봉대로 80, 1층(농성동)",062-363-0331,국밥,갈비탕,육개장,황태,,
중산,"광주광역시 서구 무진대로 904, 1층(광천동)",062-367-3657,중국요리,짬뽕,짜장,,,
스시장,"광주광역시 서구 무진대로 904, 1층(광천동)",062-374-1341,초밥류,롤,,,,
장원,광주광역시 서구 월드컵4강로68번길 8(화정동),062-382-7955,삼겹살,애호박찌개,,,,
해동활어,"광주광역시 서구 상무대로 653-1, 1층(마륵동)",062-515-3344,생선회,생선구이,우럭탕,,,
청수민물장어,"광주광역시 서구 마륵로 27,(마륵동)",062-384-9592,장어구이,장어탕,,,,
나루터,광주광역시 서구 풍서우로 232(벽진동),062-372-5001,하모,새조개,,,,
담소정,"광주광역시 서구 풍암신흥로80번길 1, 1층(풍암동)",062-676-2014,한정식,생선구이,생선조림,,,
김(金)태산빛고을흑염소,광주광역시 서구 내방로 19 (치평동),062-384-7300,흑염소,,,,,
오얏리돌솥밥상무점,광주광역시 서구 내방로 21 (치평동),062-452-8000,돌솥밥,,,,,
춘하추동,광주광역시 서구 내방로 25 (치평동),062-383-5235,한정식,,,,,
진미청국장,광주광역시 서구 내방로 27 (치평동),062-374-1910,청국장,,,,,
옥과한우촌(상무점),"광주광역시 서구 내방로 35, 1,2층 (치평동)",062-383-1592,비빔밥,,,,,
비스트로,"광주광역시 서구 마륵로 104, 1층 (치평동)",062-373-0319,샐러드바,스테이크,,,,
정가네 볼테기,"광주광역시 서구 마륵로 126 (치평동,(일층))",062-374-0788,한정식,,,,,
연화,광주광역시 서구 마륵복개로 147 (치평동),062-384-1143,한정식,,,,,
블랙스톤,"광주광역시 서구 상무공원로 12, 2층 (치평동)",062-226-5432,스테이크,,,,,
델리하우스,광주광역시 서구 상무누리로 30 (치평동),062-611-3333,뷔페,,,,,
(주)남도한정식정원,"광주광역시 서구 상무누리로 57-4, 1층 (치평동)",062-383-5588,한정식,,,,,
원양,광주광역시 서구 상무번영로 37 (치평동),062-381-6050,한식,,,,,
삼희불낙,"광주광역시 서구 상무번영로 37 (치평동,)",062-376-3233,한정식,,,,,
옛날흑두부청국장,광주광역시 서구 상무시민로 95-4 (치평동),062-371-8256,청국장,,,,,
시골통돼지볶음,"광주광역시 서구 상무연하로 50, 101호 (치평동)",062-371-0609,한식,,,,,
홍익궁중전통육개장(광주상무점),"광주광역시 서구 상무연하로 60 (치평동,(일층))",062-376-3030,육개장,,,,,
하라,"광주광역시 서구 상무연하로 61 (치평동,(1층))",062-375-1223,샐러드,,,,,
현대옥,"광주광역시 서구 상무연하로 63 (치평동, 1층)",062-383-1174,한식,,,,,
대원축산하누맘,"광주광역시 서구 상무연하로 67 (치평동, 1층)",062-385-8589,한식,,,,,
육전명가,"광주광역시 서구 상무자유로 174 (치평동,(2층))",062-384-6767,한정식,,,,,
화석시대 상무점,"광주광역시 서구 상무자유로 176 (치평동,(2층))",062-384-0892,한식,,,,,
바다양푼이동태탕(상무점),"광주광역시 서구 상무자유로 180 (치평동, (1층))",062-376-7727,한식,,,,,
송학한정식,광주광역시 서구 상무중앙로 101 (치평동),062-385-3333,한정식,,,,,
마루샤브 상무점,광주광역시 서구 상무중앙로 101 (치평동),062-371-4242,한식,,,,,
동원참치,광주광역시 서구 상무중앙로 29 (치평동),062-371-3711,참치,,,,,
옛날우럭간국앤생태탕,"광주광역시 서구 상무중앙로 6-20 (치평동,(일층))",062-376-5800,생태탕,,,,,
영미오리탕,광주광역시 서구 상무중앙로104번길 10 (치평동),062-362-5252,오리탕,,,,,
더바른,광주광역시 서구 상무중앙로28번길 4 (치평동),062-374-5559,샤부뷔페,,,,,
일미가,광주광역시 서구 상무중앙로28번길 7 (치평동),062-366-5005,한식,,,,,
우향,"광주광역시 서구 상무중앙로28번길 9, (치평동)",062-373-9339,한식,,,,,
이바돔감자탕,광주광역시 서구 상무중앙로34번길 2 (치평동),062-372-8383,감자탕,,,,,
해변해물탕,광주광역시 서구 상무중앙로38번길 7 (치평동),062-385-2007,해물탕,,,,,
우진,광주광역시 서구 상무중앙로78번길 5-2 (치평동),062-373-9689,한식,,,,,
유메,광주광역시 서구 상무중앙로78번길 5-6 (치평동),062-382-4422,한식,,,,,
그 남자의 초밥집,광주광역시 서구 상무중앙로78번길 5-6 (치평동),,회초밥,,,,,
창평시장국밥,"광주광역시 서구 상무중앙로78번길 5-6, (치평동)",062-383-9959,순대국밥,,,,,
달인청국장,광주광역시 서구 상무평화로 107 (치평동),062-385-3224,청국장,,,,,
고등어섬푸랭이,"광주광역시 서구 상무평화로 131 (치평동,(1층))",062-383-7205,한정식,,,,,
캐나디안랍스터,"광주광역시 서구 상무평화로 93-6, 1층 (치평동)",062-384-7878,랍스터,,,,,
소망생고기,"광주광역시 서구 상무평화로 97-1 (치평동,(1층))",062-371-7396,한식,,,,,
청원모밀직영점,"광주광역시 서구 상무화원로 1, 1층 (치평동)",062-381-1960,메밀,,,,,
종가집콩나물국밥,광주광역시 서구 상무화원로12번길 5 (치평동),062-383-5989,콩나물국밥,,,,,
무등산 생고기,"광주광역시 서구 상무화원로18번길 2, (치평동)",062-376-9916,생고기,,,,,
위가네소머리국밥,"광주광역시 서구 상무화원로32번길 25-10,(치평동)",062-381-8883,국밥,,,,,
봉초밥,광주광역시 서구 상무화원로32번길 25-11 (치평동),062-371-5544,국밥,,,,,
동민숯불구이,광주광역시 서구 상무화원로32번길 29-9 (치평동),062-385-2292,불고기,,,,,
바이킹스상무점,"광주광역시 서구 시청로 40 (치평동, 롯데마트3층)",062-383-8892,뷔페,,,,,
금수레,"광주광역시 서구 시청로20번길 19 (치평동,(1층))",062-374-9777,한식,,,,,
군산오징어,"광주광역시 서구 시청로20번길 22 (치평동,(일층))",062-372-7271,한식,,,,,
강산,광주광역시 서구 시청로60번길 17-9 (치평동),062-373-2288,한식,,,,,
배가족발,광주광역시 서구 시청서편로4번길 13-5 (치평동),062-371-0771,족발,,,,,
흑마늘갈비낙지촌,광주광역시 서구 시청서편로4번길 15 (치평동),062-381-4205,한식,,,,,
생선구이 전문점 비학산,광주광역시 서구 시청서편로4번길 17-15 (치평동),062-373-7374,한식,,,,,
메기랑아구랑,"광주광역시 서구 시청서편로4번길 19, (치평동)",062-381-2828,메기탕,아구탕,,,,
샹하이,광주광역시 서구 시청서편로4번길 21 (치평동),062-383-1134,중화요리,,,,,
다원명가,광주광역시 서구 시청서편로4번길 7-1 (치평동),062-384-9882,한식,,,,,
나룻배 상무점,"광주광역시 서구 시청서편로8번길 3, 1층 (치평동)",062-383-5009,한식,,,,,
서다우,광주광역시 서구 운천로 223 (치평동),062-362-5333,한정식,,,,,
소문난이모네맛집,"광주광역시 서구 운천로 223 (치평동,지하 101호)",062-375-7570,한식,,,,,
담소사골순대,"광주광역시 서구 운천로 223 (치평동,지하)",062-372-1821,순대국밥,,,,,
속씨원한대구탕,"광주광역시 서구 운천로 247,(치평동, 스타타워)",,대구탕,,,,,
송화풍천민물장어,"광주광역시 서구 천변좌하로 294 (치평동,(일층))",062-376-0880,장어,,,,,
정여사의 낙지해장국,"광주광역시 서구 천변좌하로 298 (치평동,(1층))",062-381-3836,해장국,,,,,
큰집나주곰탕,"광주광역시 서구 치평로 116 (치평동,월계수타운 )",062-381-8897,곰탕,,,,,
놀부보쌈부대찌개,"광주광역시 서구 치평로 18 (치평동,110.111호)",062-373-9899,부대찌게,,,,,
로니로티상무점,"광주광역시 서구 치평로 20 (치평동,가동 201~203호)",062-382-8989,양식,,,,,
무등산돌솥밥,"광주광역시 서구 치평로 60 (치평동,(102호))",062-373-1080,돝솥밥,,,,,
(주)베네레토(베르빠제),"광주광역시 서구 치평로 76 (치평동,(1층))",062-351-4500,샐러드바,스테이크,,,,
(주)한솥도시락 상무중흥점,"광주광역시 서구 치평로 86, 1층 107호 (치평동)",062-352-1119,한식,,,,,
학사농장숨쉬는땅,광주광역시 서구 마륵복개로 70(마륵동),062-384-6202,한식,,,,,
금탑 소머리국밥(상무점),"광주광역시 서구 상무번영로 30, 1층 (치평동)",062-382-3837,국밥,,,,,
해물의제왕,"광주광역시 서구 상무시민로 133-9, 1층 (치평동)",062-384-9593,해물탕,,,,,
명가원,"광주광역시 서구 상무시민로 97-5 (치평동,(일층))",062-385-2171,한정식,,,,,
천그램상무점,광주광역시 서구 상무시민로 99(치평동),062-382-8997,한식,,,,,
무너섬(상무점),"광주광역시 서구 상무연하로 43 (치평동,(일층))",062-372-5666,문어삼합,,,,,
센트럴진한정식,광주광역시 서구 상무연하로 68(치평동),062-383-7570,한정식,,,,,
찜통,광주광역시 서구 상무자유로 174 (치평동),062-385-8555,한식,,,,,
나폴리495(상무점),"광주광역시 서구 상무중앙로 90, 2층 (치평동)",062-372-2077,샐러드,스테이크,,,,
진미가람,광주광역시 서구 상무중앙로28번길 18 (치평동),062-374-1022,한식,,,,,
화덕갈비족,"광주광역시 서구 상무중앙로34번길 6, (치평동)",062-382-8771,한식,갈비,,,,
대중국밥,"광주광역시 서구 상무화원로 12 (치평동,(1층))",062-376-6116,국밥,,,,,
하늘담채,광주광역시 서구 상무화원로11번길 3 (치평동),062-382-8292,한식,,,,,
백운산닭숯불구이,"광주광역시 서구 시청로20번길 11 (치평동,(1층))",062-371-1980,한식,,,,,
놀부부대찌개(상무점),광주광역시 서구 시청로60번길 21-9(치평동),062-267-0963,부대찌게,,,,,
봉추찜닭 상무점,"광주광역시 서구 운천로 247, 1층 107호 (치평동)",062-371-6981,찜닭,,,,,
신정,광주광역시 서구 죽봉대로66번길 10(농성동),062-365-0900,한정식,,,,,
놀부보쌈&부대찌개 상무2호점,"광주광역시 서구 치평로 116 (치평동,113,114호)",062-383-0131,보쌈,,,,,
채선당,"광주광역시 서구 치평로 124 (치평동,101호102호)",062-456-6565,불고,,,,,
가내수공업,"광주광역시 서구 상무연하로 33 (치평동,(2층))",062-385-5241,한식,,,,,
메이시앙,광주광역시 남구 서문대로 745 빅스포 ,062-606-8008,양장피,전가복,,,,
살림채식뷔페,광주광역시 남구 서문대로817번길3-4,062-675-3553,채식뷔페,,,,,
이바돔감자탕(봉선점),광주광역시 남구 봉선로 184,062-676-4499,감자탕,등뼈찜,,,,
모노바스,광주광역시 남구 봉선로 205,062-672-2299,자장면,짬뽕,탕수육,,,
만리성,광주광역시 남구 봉선중앙로 15,062-655-1678,탕수육,팔보채,,,,
이바돔감자탕 ,광주광역시 남구 효우로 87,062-675-8824,감자탕,등뼈찜,,,,
신락원(주),광주광역시 남구 봉선로 180,062-673-6849,자장면,짬뽕,탕수육,,,
조선옥,광주광역시 남구 봉선로 147,062-654-3322,굴비정식,,,,,
대홍반점,광주광역시 남구 봉선중앙로 71,062-671-9258,자장면,짬뽕,탕수육,,,
김삿갓전통국밥감자탕,광주광역시 남구 효덕로 208,062-674-4884,국밥,수육,감자탕,,,
꽃담마을,광주광역시 남구 효우로77번길 5,062-673-3392,갈낙찜,비빔냉면,삽겹살,,,
단돈신화(진월점),광주광역시 남구 서문남구 대로 727-1,062-655-4140,오리고추장불고기,샤브샤브,,,,
닭이봉춘천닭갈비막국수,광주광역시 남구 효우로77번길 13,062-400-0811,닭갈비,쟁만막국수,,,,
대영,광주광역시 남구 봉선2로 85,062-653-7700,담양식돼지갈비,떡갈비,,,,
등촌,광주광역시 남구 봉선로144번길 2,062-672-5292,샤브샤브,해물탕,,,,
뜨락,광주광역시 남구 화산로 105,062-676-8861,한방오리백숙,우렁강된장쌈밥,,,,
미라지,광주광역시 남구 효우로 134,062-651-2766,피자,스테이크,,,,
백봉자오리백년,광주광역시 남구 금당로1번길 4,062-682-0023,오리생구이,오리주물럭,,,,
뼈통묵은지감자탕,광주광역시 남구 서문남구 대로 723,062-675-1221,묵은지감자탕,우거지감자탕,,,,
순천한우식육식당,광주광역시 남구 제석로 1,062-673-9292,생고기비빔밥,갈비탕,,,,
시골집추어탕,광주광역시 남구 서문대로627번안길 15,062-676-0327,추어탕,김치보쌈,,,,
신가네숯불갈비,광주광역시 남구 금당로 5,062-675-2524,생삼겹살,돼지갈비,,,,
오리궁뎅이,광주광역시 남구 서문대로627번안길 3,062-673-5289,오리불고기,오리훈제,,,,
월산공원,광주광역시 남구 수박등로 49,062-631-2312,한방약닭,옻닭,,,,
정자골,광주광역시 남구 봉선로 105,062-673-7003,비빔밥,수제비,불고기정식,,,
조봉순상무국밥,광주광역시 남구 금화로 364번길4,062-366-0652,순대,곱창구이,,,,
참능이버섯백숙,광주광역시 남구 진제길 6,062-672-0075,백숙,닭볶음,삼계탕,,,
천안문중화요리,"광주광역시 남구 효우로93번길 5, 302호",062-675-7955,깐풍새우,탕수육,팔보채,,,
한우사랑,"광주광역시 남구 효우로 134, 101호",062-674-3292,갈낙탕,비빔밥,갈비살,,,
해물칼국수밀밭,광주광역시 남구 화산로 89,062-671-0101,해물칼국수,왕만두,,,,
화석시대(진월점),광주광역시 남구 서문남구 대로 739,062-676-2340,쌈밥,삼겹살,,,,
활어수산물도매직판장,광주광역시 남구 효덕로 196,062-674-8880,짬뽕,모듬회,전복볶음,,,
황룡,광주광역시 남구 대남남구 대로 203번길 3-9,062-676-1027,팔보채,마파덮밥,,,,
흑돈하루,광주광역시 남구 효우로 136,062-463-7788,제주돔베고기,오겹살,목살,,,
녹향애,광주광역시 남구 화산로31번길 8,062-655-5492,꽃살,생고기,삼계탕,,,
해마루,광주광역시 남구 봉선로 25번길 4,062-655-2992,버섯불고기,해물탕,,,,
사리원,광주광역시 남구 효덕로 223,062-674-0997,냉면,꽃살,우거지탕,,,
산천애장어,광주광역시 남구 대남남구 대로 195,062-655-2884,장어양념구이,장어소금구이,,,,
섬마을바다장어,광주광역시 남구 중앙로 118-8,062-675-6199,장어양념구이,장어소금구이,,,,
우미숯불구이,광주광역시 남구 백운로 36,062-652-5612,돌솥정식,삼겹살,,,,
해뜰날,광주광역시 남구 봉선2로19번길 11,062-654-1020,버섯정식,버섯탕수,샤브샤브,,,
넝쿨채,광주광역시 북구 매곡로 32-7(매곡동),062-268-7900,돼지고기보쌈,,,,,
옥천면옥,광주광역시 북구 무등로 144(신안동),062-528-3888,갈비,냉면,,,,
면앤면추억의가락국수,광주광역시 북구 무등로 235(중흥동),062-525-1170,가락국수,,,,,
춘천호반닭갈비,광주광역시 북구 무등로 3(운암동),062-526-7028,닭갈비,,,,,
오얏리돌솥밥,광주광역시 북구 밤실로 178(두암동),062-267-8502,오얏돌솥밥,표고전골,,,,
나주곰탕,광주광역시 북구 북문대로 160(운암동),062-521-2762,수육,곰탕,,,,
만리장성,광주광역시 북구 북문대로 42(운암동),062-511-6915,중화요리(코스요리),,,,,
다연,광주광역시 북구 비엔날레로 183-5 (용봉동),062-267-0110,간장게장정식,굴비정식,다연한정식,,,
산수모밀,광주광역시 북구 서방로 1-1(중흥동),062-266-0999,온모밀,마른모밀,,,,
대뜰향,광주광역시 북구 서하로 129(매곡동),062-574-5279,한방오리보쌈,오리불고기,,,,
전승규감자탕이야기,광주광역시 북구 서하로 153(매곡동),062-266-0385,감자탕,뼈찜,,,,
털보네집,광주광역시 북구 서하로 382(문흥동),062-263-0976,석갈비,생오리구이,,,,
태청일식,광주광역시 북구 설죽로 171번길 7 (용봉동),062-528-3335,자연산사시미,복사시미,복탕,,,
원조매일국밥,광주광역시 북구 용봉택지로 60(용봉동),062-515-3488,내장국밥,곱창전골,모듬수육,,,
무한사랑,광주광역시 북구 용봉택지로 61(용봉동),062-524-1070,김치찌개,부대찌개,삼겹살,,,
정고집볼테기,광주광역시 북구 용봉택지로 69(용봉동),062-653-9494,볼테기해물찜,볼테기탕,,,,
샤브향(용봉점),광주광역시 북구 우치로 100번길 15(용봉동),062-263-0963,월남쌈샤브,,,,,
패밀리농원㈜,광주광역시 북구 우치로 565(일곡동),062-574-6677,돼지갈비,삼겹살,숯불구이,,,
강의리추어탕,광주광역시 북구 우치로 61(중흥동),062-527-0937,추어탕,,,,,
새경민회관,광주광역시 북구 우치로 61(중흥동),062-267-1700,비빔밥,육회,,,,
야래향,광주광역시 북구 우치로 62(중흥동),062-513-5995,탕수육,짬뽕,자장면,,,
뿌리,광주광역시 북구 운용로 79(용봉동),062-525-3332,한정식,,,,,
가보세,광주광역시 북구 운용로 95번길 5-7(용봉동),062-514-0029,보리밥정식,삼합,석화전,,,
알프스,광주광역시 북구 일곡로 7-12  (일곡동),062-572-0405,돈가스,스테이크,,,,
예담,광주광역시 북구 일곡마을로 121  (일곡동),062-571-0618,퓨전한정식,어머니밥상,아버지술상,,,
커유,광주광역시 북구 일곡마을로 159 (일곡동),062-575-0239,핸드드립,더치,사이폰,,,
토방흑염소,광주광역시 북구 일곡마을로 161 (일곡동),062-574-8597,흑염소탕,수육,전골,,,
행랑채,광주광역시 북구 일곡마을로 165 (일곡동),062-575-8228,산채나물정식,갈치조림,제육볶음,,,
빈스키친,광주광역시 북구 일곡마을로 168  (일곡동),062-251-0335,피자,파스타,샐러드,,,
황실장가계,광주광역시 북구 일곡마을로 171(일곡동),062-576-4749,자장면,탕수육,,,,
산음내주물럭전문점,광주광역시 북구 일곡마을로 173-1 (일곡동),062-573-0900,삼계탕,오리주물럭,오리전골,,,
데이지더비스트로,광주광역시 북구 일곡마을로148  (일곡동),062-575-0070,데이지돈가스정식,데이지비스트로세트,,,,
시냅스,광주광역시 북구 일곡마을로158-1 (일곡동),062-574-6262,아메리카노,생과일음료,수제와플,,,
콩드레스,광주광역시 북구 일곡마을로162 (일곡동),062-575-7288,아메리카노,에스프레소,,,,
이바돔감자탕,광주광역시 북구 일곡택지로 65(일곡동),062-576-8253,감자탕,감자찜,묵은지찌개,,,
동해대게,광주광역시 북구 저불로 1 (용봉동),062-529-3005,굴비정식,회정식,대게찜,활어회,,
금수산한우명가,광주광역시 북구 저불로 29(용봉동),062-514-1239,한우생고기,한우안창살,,,,
참치조치,광주광역시 북구 저불로 36(용봉동),062-526-5572,참치회,,,,,
화풍,광주광역시 북구 저불로 66(용봉동),062-511-3395,중화요리(코스요리),,,,,
제주도세기마을,광주광역시 북구 저불로 69번길 29(용봉동),062-511-2303,숯불구이,,,,,
산천애장어,광주광역시 북구 저불로 77(용봉동),062-511-4952,장어소금구이,장어양념구이,장어탕,,,
태능참숯불갈비,광주광역시 북구 저불로 81 (용봉동),062-526-5560,참숯불갈비구이,,,,,
영암매실한우,광주광역시 북구 저불로 88(용봉동),062-522-5933,암소구이,불고기백반,냉면,,,
달수한정식,광주광역시 북구 저불로 94(용봉동),062-511-8989,한정식,,,,,
맵촌용봉본점,광주광역시 북구 저불로8 (용봉동),062-529-9399,아구찜,매생이아구찜,흑대구전골,,,
장군알요리전문점,광주광역시 북구 청계로 74(용봉동),062-514-9540,알탕,,,,,
장군,광주광역시 북구 청계로 81(용봉동),062-575-8885,참치회,,,,,
초유지,광주광역시 북구 하서로 523번길11(용두동),062-571-1137,돼지갈비,도토리수제비,,,,
대사랑건강밥상,"광주광역시 북구서하로 91, 2층(매곡동)",062-514-1472,건강밥상,매콤해물갈비찜,삼채홍어무침,,,
금수저은수저,"광주광역시 광산구 신창로166번길24,1층(신창동)",062-951-0204,한정식,,,,,
장군뷔페,"광주광역시 광산구 송도로85번길 56-27 (도산동,(1층))",062-942-6663,뷔페,장어구이,,,,
바리애,광주광역시 광산구 남동길48번길 25 (도산동),062-941-3335,족발,보쌈,,,,
상춘각,"광주광역시 광산구 송도로 208, 1층 (도산동)",062-942-9996,삼선짬뽕,,,,,
신송숯불갈비,"광주광역시 광산구 광산로19번길 26 (송정동,(1층))",062-942-1666,떡갈비,비빕밥,,,,
동해반점,광주광역시 광산구 광산로 15 (송정동),062-944-9126,삼선짜장,탕수육,,,,
태화반점,광주광역시 광산구 광산로 6-4 (송정동),062-943-8225,삼선짜장,탕수육,,,,
이바돔감자탕(수완점),"광주광역시 광산구 장신로 163 (수완동,(2층))",062-956-1090,감자탕,,,,,
안압지,"광주광역시 광산구 수완로 69, 1층 (수완동)",062-956-9292,오리고기,삼겹살,,,,
한우한마당,"광주광역시 광산구 왕버들로 207, 1층 (수완동)",062-961-7411,꽃등심,비빕밥,,,,
육영한우&돈,"광주광역시 광산구 장신로148번길 11 (수완동,(1,2층))",062-955-9290,꽃등심,삼겹살,,,,
칭찬,"광주광역시 광산구 목련로394번길 31-27, 1층 (신가동)",062-962-7718,짜장면,짬뽕,탕수육,,,
수완상추튀김,"광주광역시 광산구 장신로 185, 1층 (수완동)",062-962-0800,상추튀김,떡복이,,,,
하이난,"광주광역시 광산구 수등로 261-7, 1층 (신가동)",062-956-0925,짜장면,짬뽕,탕수육,,,
일품화로구이,"광주광역시 광산구 왕버들로265번길 7-7 (신창동,(1층))",062-951-3192,가브리살,삼겹살,,,,
담소촌,"광주광역시 광산구 왕버들로252번길 5 (신창동,(1층))",062-653-9200,돼지숫불갈비,,,,,
함평한우촌,"광주광역시 광산구 임방울대로800번길11-10, (월계동)",062-972-9234,안창살,꽃등심,갈비살,,,
꽃뜨락,"광주광역시 광산구 무진대로212번길 29-23, 1층 (우산동)",062-951-5225,오리로스,오리불고기,,,,
초정,"광주광역시 광산구 임방울대로 156, 1층,2층 (운남동)",062-954-0123,떡갈비정식,갈비탕,꽃등심,,,
석마루,광주광역시 광산구 임방울대로826번길 20 (월계동),062-973-0091,꽃삽겹살,석갈비,돌솥쌈밥,,,
백련지,광주광역시 광산구 임방울대로800번길 13 (월계동),062-973-0792,돼지갈비,우렁된장쌈밥,,,,
다미향녹차손짜장,"광주광역시 광산구 임방울대로800번길 11-6 (월계동,1.2층)",062-971-9542,짬뽕,탕수육,짜장면,,,
영암매력한우수완점,"광주광역시 광산구 왕버들로 11, 나동 1~2층 (장덕동)",062-383-8118,꽃등심,비빕밥,,,,
구육복손짜장,"광주광역시 광산구 동곡로 518, 1층 (장록동)",062-945-7989,손짜장,볶음밥,탕수육,,,
황궁쟁반짜장(하남성),"광주광역시 광산구 하남대로54번안길 51, 1층 (하남동)",062-945-7989,쟁반짜장,쟁반짬봉,,,,
햇살마루,광주광역시 광산구 동곡로185번길15-14(하산동),062-943-6611,게장백반,,,,,
오리하우스,"광주광역시 광산구 용아로380번길 55,2층(산정동)",062-951-5263,오리전골,오리구이,,,,
청해진의꿈,"광주광역시 광산구 풍영정길29, 1층 (신창동)",062-973-1600,해물탕,아구찜,,,,
대양,광주광역시 광산구 손재로407(오선동),062-962-0073,설렁탕,꼬리곰탕,도가니탕,,,
영양왕족발보쌈,광주광역시 광산구 월곡중앙로59-18(월곡동),062-952-3992,족발,보쌈,,,,
하누맘,광주광역시 광산구 송도로159(도산동),062-942-3339,안창살,꽃등심,,,,
달봉이회수산,광주광역시 광산구 첨단중앙로152번길31-16(쌍암동),062-972-9252,활어회,,,,,
나주배한우,광주광역시 광산구 용아로405(하남동),062-383-0092,안창살,꽃등심,,,,
한솔,광주광역시 광산구 고봉로257(장수동),062-956-2877,꿩요리,닭요리,,,,
다연닭갈비,광주광역시 광산구 왕버들로265번길7(신창동),062-951-0887,닭갈비,,,,,
유목,광주광역시 광산구 첨단중앙로182번길64-1(쌍암동),062-972-3066,굴비정식,한정식코스요리,,,,
신창고을,광주광역시 광산구 신창로86번길7-5(신창동),062-959-3529,칼국수,,,,,
춘천모닭갈비,광주광역시 광산구 신창로138번길18(신창동),062-952-7549,닭갈비,,,,,
하남낙지마당,광주광역시 광산구 사암로216번길10-15(우산동),062-955-8892,낙지전골,낙지철판구이,,,,
7번도로국밥,광주광역시 광산구 손재로 458(오선동),062-953-2112,모듬국밥,뼈해장국,,,,
임가네,광주광역시 광산구 사암로130번길 69(우산동),062-941-5705,육고기류,,,,,
임가네일반,광주광역시 광산구 사암로130번길 65(우산동),062-941-5706,육고기류,,,,,
송원떡갈비,광주광역시 광산구 광산로29번길 12(송정동),062-944-0366,떡갈비,,,,,
광주송정떡갈비,광주광역시 광산구 광산로30번길6(송정동),062-944-1438,떡갈비,,,,,
타오,"광주광역시 광산구 임방울대로327번길,3층(수완동)",062-955-2215,스테이크,파스타,피자,,,
엘리쉬,"광주광역시 광산구 임방울대로338,8층(수완동)",062-955-4664,부페,,,,,
베네치아,"광주광역시 광산구 장신로82,7층(장덕동)",062-959-0604,파스타,피자,,,,
㈜이티앤제우스불고기브라더스,"광주광역시 광산구 장신로77,1-2층(장덕동)",062-956-2961,버섯육수전골,,,,,
파밀레스,"광주광역시 광산구 장신로82,10층(장덕동)",062-953-2180,뷔페,,,,,
주)수완쿠스쿠스,"광주광역시 광산구 임방울대로348,8층(수완동)",062-371-0011,뷔페,,,,,
그랑삐아또수완점,"광주광역시 광산구 용아로 400번길 ,2층(하남동)",062-956-8882,피자,파스타,,,,
미스터쉐프,"광주광역시 광산구 임방울대로800번길 72, 2층(월계동)",062-449-0303,돈가스,초밥,,,,
다미향,"광주광역시 광산구 첨단중앙로800번길 11-6,1-2층(월계동)",062-971-9542,짬뽕,탕수육,짜장면,,,
페퍼가든,"광주광역시 광산구 임방울대로776,2층(월계동)",062-974-1600,파스타,피자,,,,
착한고기,"광주광역시 광산구 풍영로101번안길1-7,2층(흑석동)",062-944-0292,육고기류,비빔밥,,,,
송정떡갈비,"광주광역시 광산구 광산로29번길 1, 1층 (송정동)",062-944-1439,한우떡갈비,떡갈비,오리떡갈비,육회비빔밥,,
형제송정,광주광역시 광산구 광산로29번길 3 (송정동),062-944-0595,원조떡갈비,한우떡갈비,오리떡갈비,육회새싹비빔밥,,
깨소송정떡갈비,광주광역시 광산구 광산로29번길 9 (송정동),062-942-2359,한우떡갈비,떡갈비,땡초떡갈비,,,
이조송정떡갈비,광주광역시 광산구 광산로19번길 30(송정동),062-944-9592,떡갈비,한우떡갈비,생고기,,,
빛고을떡갈비,광주광역시 광산구 광산로29번길 14 (송정동),062-944-6670,돼지숯불떡갈비,한우숯불떡갈비,한우육회,육회비빔밥,,
일송정떡갈비,광주광역시 광산구 광산로29번길 2 (송정동),062-944-9592,향토떡갈비,매운떡갈비,버섯떡갈비,육회비빔밥,,
새송정떡갈비,광주광역시 광산구 광산로 31 (송정동),062-941-3353,한우전통떡갈비,떡갈비,돼지갈비,비빔밥,,
종가집떡갈비,광주광역시 광산구 광산로19번길 25 (송정동),062-943-8282,한우떡갈비,오리떡갈비,돼지떡갈비,,,
송극,광주광역시 광산구 광산로19번길 10 (송정동),062-942-0033,떡갈비,육회비빔밥,돌판비빔밥,오리탕,오리주물럭,
화정떡갈비,광주광역시 광산구 광산로29번길 6 (송정동),062-944-1275,떡갈비,비빔밥,생고기비빔밥,갈비찜,육회,
동성떡갈비,광주광역시 광산구 광산로29번길 16 (송정동),062-944-8686,떡갈비,전통떡갈비,한우떡갈비,육회비빔밥,,
장안낙지,광주광역시 광산구 광산로30번길 5(송정동),062-942-4545,낙삼탕,낙지전골,낙지볶음,낙지초무침,,
유자골한우,"광주광역시 광산구 첨단중앙로124번길 60 (월계동,(1층))",062-956-3392,생고기,갈비살,꽃등심,,,
굴세상,"광주광역시 광산구 신창로36번길 15 (신창동,(층))",062-531-0147,굴국밥,굴해장국,굴순두부,굴매생이국,,
장수옻닭오리,광주광역시 광산구 첨단내촌로70번길 52 (월계동),062-961-6969,오리탕,황칠옻닭,,,,
이복심동태랑아구,"광주광역시 광산구 산월로21번길 6 (월계동,(1층))",062-973-8700,동태탕,아구찜,동태전골,,,
전철우음식사랑&cafe(남부대점),"광주광역시 광산구 첨단중앙로 23, 110동 지하1층 (월계동, 남부대학교)",062-944-7575,왕갈비탕,왕동가스,코다리냉면,,,
페퍼가든,"광주광역시 광산구 임방울대로 776 (월계동,(2층))",062-974-1600,파스타(까르보나라),마르게따피자,,,,
영광굴비한정식,광주광역시 광산구 첨단중앙로124번길 37 (월계동),062-973-0053,굴비정식,굴비정식상차림,,,,
우리두리청국장,"광주광역시 광산구 첨단중앙로124번길 23 (월계동,(1층))",062-972-3227,청국장,해물순두부찌개,매콤돼지갈비,,,
너나우리,광주광역시 광산구 첨단중앙로116번길 31 (월계동),062-971-7500,생선모듬구이,메로탕지리,랍스타회코스,,,
통큰감자탕,"광주광역시 광산구 어등대로 443, 1층 (선암동)",062-941-3004,감자탕,등뼈찜,등갈비구이,뼈해장국,,
무봉리토종순대국호남대점,"광주광역시 광산구 어등대로 449 (선암동,(1층))",062-944-0600,뼈해장국,철판볶음,순대국,참순대,,
선암미가,"광주광역시 광산구 어등대로459번길 40, 1층 (선암동)",062-942-1177,한방백숙,한방닭곰탕,닭국수,퇘지주물럭,,
윤가네,"광주광역시 광산구 선운로20번길 12, 1층 (선암동)",062-941-3555,생태탕,알탕,볼테기탕,애호박찌개,,
진곰탕,"광주광역시 광산구 선운로2번길 9, 1층 (선암동)",062-946-3344,곰탕,수육곰탕,수육,,,
매월농원,광주광역시 광산구 구촌반촌길 242 (신창동),062-954-5164,오리구이,,,,,
달맞이흑두부,광주광역시 광산구 북문대로 500-17 (신창동),062-972-8465,흑두부한방보쌈,흑두부버섯전골,,,,
신 한국가든 일반 음식점,광주광역시 광산구 장신로 346 (신창동),062-971-9292,떡갈비,돼지갈비,꽃등심,삼겹살,,
요리하는남자(요남자),"광주광역시 광산구 첨단중앙로 96, 2층 211호 (월계동, LC타워)",062-973-5201,떡갈비스테이크,,,,,
연경(첨단점),광주광역시 광산구 첨단중앙로152번길 31-13 (쌍암동),062-951-9601,짜장면,삼선간짜장,삼선짬뽕,탕수육,,
산들해,"광주광역시 광산구 임방울대로825번길 51, 1층 (쌍암동)",062-974-1044,낙지볶음,병어조림.민어탕,굴비정식,,,
돈마니,광주광역시 광산구 임방울대로825번길 60-2 (쌍암동),062-973-2136,감자탕,묵은지감자탕,돈미나뼈찜,등갈비,,
지리산건강밥상,"광주광역시 광산구 앰코로 35, 5층 501(일부)호 (쌍암동, 폭스존)",062-974-9998,산채비빔밥,생고기산채비빔밥,카레라이스,돈까스,,
맛존(ZONE),"광주광역시 광산구 임방울대로826번길 29-25 (쌍암동,(1층))",062-972-5788,키조개차돌박이전복삼합,전복구이회,생선구이,꽃게알탕,,
가매항,"광주광역시 광산구 월계로 217 (쌍암동,,121호)",062-973-6690,짜장면,삼선짜장면,삼선짬뽕,탕수육,,
향천옥,"광주광역시 광산구 목련로2번길 29-52, 1층 (산정동)",062-955-4200,해물옻닭,해물약백숙,해물닭도리탕,해물삼계탕,,
대한수산물회백화점,광주광역시 광산구 용아로 255 (산정동),062-962-6565,광어,우럭,참돔,농어,,
국선지네닭,"광주광역시 광산구 용아로 340 (산정동,(1,2층))",062-951-8292,한방지네중탕,한방지네닭,한방지네오리,한반엄나무백숙,,
하누골,"광주광역시 광산구 무진대로231번길 29-17 (우산동,(1층))",062-959-3380,소곱창모듬전골,삼겹살김치찌개,전통선지해장국,,,
한나낙지마당,"광주광역시 광산구 무진대로231번길 30-19, 1층 (우산동)",062-959-5218,낙지덮밥,낙지전골,낙지해물찜.산낙지연포,,,
김치찌개전문점,광주광역시 광산구 무진대로231번길 30-17 (우산동),062-961-7360,김치찌개,김치치즈볶음밥,돈까스,,,
등뼈감자탕,광주광역시 광산구 무진대로231번길 30-26 (우산동),062-955-7775,감자탕,묵은지감자탕,우리뼈삠,해장국,,
미락,광주광역시 광산구 무진대로231번길 14 (우산동),062-953-7546,콩나물해장국,복어해장국,다슬기해장국,닭곰탕,,
남도길,"광주광역시 광산구 임방울대로826번길 7-4 (쌍암동,(2층))",062-972-5355,한정식,굴비정식,계장정식,우럭탕,,
마포숯불갈비,광주광역시 광산구 임방울대로825번길 22 (쌍암동),062-972-9211,갈비,불고기,제육볶음,갈비탕,,
죽향담양전통숯불갈비,"광주광역시 광산구 임방울대로825번길 59 (쌍암동,(1층))",062-973-7792,숯불갈비,떡갈비,소떡갈비,삼겹살,,
첨단약흑염소,"광주광역시 광산구 첨단월봉로 58 (산월동,(1,2층))",062-973-0433,흠역소탕,흑염소전골,,,,
해담,"광주광역시 광산구 임방울대로825번길 21 (쌍암동,(1층))",062-971-9300,알탕,대구탕,생선구이,메로찜,,
해미원,"광주광역시 광산구 용아로 364-1 (산정동,(1층))",062-959-5292,아구찜,서대회무침,대구전골,볼테기전골,,
